{
    "now": "2025-09-24T06:22:24.954Z",
    "perfNow": 2074691.300000012,
    "diagnosticCorrelation": "5f0d08a8-f9a3-43cc-abfa-5505c82f089f",
    "source": "DownloadSupportFiles",
    "environment": {
        "productName": "adf",
        "buildVersion": "1.0.090625.1",
        "environmentType": 3,
        "resourceName": "Datafactorypractiseolu",
        "resourceRegion": "eastus",
        "resourceGroup": "rg-databootcamp_olu",
        "subscriptionId": "86a6ece3-b326-4d36-a65c-a1e1f082d79f",
        "sessionId": "zNRdyO33AhIhFzSgu8EEWd",
        "operationId": "",
        "gitType": "live",
        "loggingKey": "cf4afd6a-db48-48ba-b40b-853d3a05b9b9"
    },
    "additionalInfo": {
        "selectedResource": "Salesdatainjest",
        "selectedResourceType": "pipeline"
    }
}