{
    "name": "githubtoadlslink",
    "properties": {
        "linkedServiceName": {
            "referenceName": "Githublinkedservice",
            "type": "LinkedServiceReference"
        },
        "annotations": [],
        "type": "Json",
        "typeProperties": {
            "location": {
                "type": "HttpServerLocation",
                "relativeUrl": "sqlguru007/Azure-Data-Engineering/main/datasets/rawdatafromapi.json"
            }
        },
        "schema": {}
    },
    "type": "Microsoft.DataFactory/factories/datasets"
}