{
    "name": "Salesdatainjest",
    "properties": {
        "activities": [
            {
                "name": "copy to adls",
                "type": "Copy",
                "dependsOn": [],
                "policy": {
                    "timeout": "0.12:00:00",
                    "retry": 0,
                    "retryIntervalInSeconds": 30,
                    "secureOutput": false,
                    "secureInput": false
                },
                "userProperties": [],
                "typeProperties": {
                    "source": {
                        "type": "JsonSource",
                        "storeSettings": {
                            "type": "HttpReadSettings",
                            "requestMethod": "GET"
                        },
                        "formatSettings": {
                            "type": "JsonReadSettings"
                        }
                    },
                    "sink": {
                        "type": "ParquetSink",
                        "storeSettings": {
                            "type": "AzureBlobFSWriteSettings"
                        },
                        "formatSettings": {
                            "type": "ParquetWriteSettings"
                        }
                    },
                    "enableStaging": false
                },
                "inputs": [
                    {
                        "referenceName": "githubtoadlslink",
                        "type": "DatasetReference"
                    }
                ],
                "outputs": [
                    {
                        "referenceName": "sinktoadls",
                        "type": "DatasetReference"
                    }
                ]
            }
        ],
        "annotations": [],
        "lastPublishTime": "2025-09-22T02:58:27Z"
    },
    "type": "Microsoft.DataFactory/factories/pipelines"
}